{
  "main": {
    "id": "933d6af10ac98474",
    "type": "split",
    "children": [
      {
        "id": "46a3d567cb84ce90",
        "type": "tabs",
        "children": [
          {
            "id": "2fcc429544243a0a",
            "type": "leaf",
            "state": {
              "type": "markdown",
              "state": {
                "file": "🚩 Pixel-Banner.md",
                "mode": "preview",
                "source": true
              },
              "icon": "lucide-file",
              "title": "🚩 Pixel-Banner"
            }
          }
        ]
      }
    ],
    "direction": "vertical"
  },
  "left": {
    "id": "d02577f86e82d204",
    "type": "split",
    "children": [
      {
        "id": "8b7043bbb2261175",
        "type": "tabs",
        "children": [
          {
            "id": "342e5185840138ef",
            "type": "leaf",
            "state": {
              "type": "file-explorer",
              "state": {
                "sortOrder": "alphabetical"
              },
              "icon": "lucide-folder-closed",
              "title": "Files"
            }
          },
          {
            "id": "d91fd6b367a360fc",
            "type": "leaf",
            "state": {
              "type": "search",
              "state": {
                "query": "",
                "matchingCase": false,
                "explainSearch": false,
                "collapseAll": false,
                "extraContext": false,
                "sortOrder": "alphabetical"
              },
              "icon": "lucide-search",
              "title": "Search"
            }
          },
          {
            "id": "1e8a1f4b728d2339",
            "type": "leaf",
            "state": {
              "type": "bookmarks",
              "state": {},
              "icon": "lucide-bookmark",
              "title": "Bookmarks"
            }
          }
        ]
      }
    ],
    "direction": "horizontal",
    "width": 300
  },
  "right": {
    "id": "b099b6b5c1c79396",
    "type": "split",
    "children": [
      {
        "id": "0869d7b720196732",
        "type": "tabs",
        "children": [
          {
            "id": "4be35a81ddc47423",
            "type": "leaf",
            "state": {
              "type": "outline",
              "state": {
                "file": "🚩 Pixel-Banner.md"
              },
              "icon": "lucide-list",
              "title": "Outline of 🚩 Pixel-Banner"
            }
          },
          {
            "id": "cac855cabb82aa42",
            "type": "leaf",
            "state": {
              "type": "file-properties",
              "state": {
                "file": "🚩 Pixel-Banner.md"
              },
              "icon": "lucide-info",
              "title": "File properties for 🚩 Pixel-Banner"
            }
          },
          {
            "id": "ca4716b07c6a8ef6",
            "type": "leaf",
            "state": {
              "type": "tag",
              "state": {
                "sortOrder": "frequency",
                "useHierarchy": true
              },
              "icon": "lucide-tags",
              "title": "Tags"
            }
          },
          {
            "id": "8780f9aa80507c44",
            "type": "leaf",
            "state": {
              "type": "backlink",
              "state": {
                "file": "🚩 Pixel-Banner.md",
                "collapseAll": false,
                "extraContext": false,
                "sortOrder": "alphabetical",
                "showSearch": false,
                "searchQuery": "",
                "backlinkCollapsed": false,
                "unlinkedCollapsed": true
              },
              "icon": "links-coming-in",
              "title": "Backlinks for 🚩 Pixel-Banner"
            }
          },
          {
            "id": "fa47c755ba3db1d9",
            "type": "leaf",
            "state": {
              "type": "outgoing-link",
              "state": {
                "file": "🚩 Pixel-Banner.md",
                "linksCollapsed": false,
                "unlinkedCollapsed": true
              },
              "icon": "links-going-out",
              "title": "Outgoing links from 🚩 Pixel-Banner"
            }
          },
          {
            "id": "261f36800d676551",
            "type": "leaf",
            "state": {
              "type": "all-properties",
              "state": {
                "sortOrder": "frequency",
                "showSearch": false,
                "searchQuery": ""
              },
              "icon": "lucide-archive",
              "title": "All properties"
            }
          },
          {
            "id": "10fbef750001f8cd",
            "type": "leaf",
            "state": {
              "type": "empty",
              "state": {},
              "icon": "lucide-file",
              "title": "New tab"
            }
          },
          {
            "id": "eb8f23dcccb5e671",
            "type": "leaf",
            "state": {
              "type": "empty",
              "state": {},
              "icon": "lucide-file",
              "title": "New tab"
            }
          },
          {
            "id": "cbdc58a84a179c2d",
            "type": "leaf",
            "state": {
              "type": "empty",
              "state": {},
              "icon": "lucide-file",
              "title": "New tab"
            }
          },
          {
            "id": "2a7ae7fafcb90c2c",
            "type": "leaf",
            "state": {
              "type": "empty",
              "state": {},
              "icon": "lucide-file",
              "title": "New tab"
            }
          },
          {
            "id": "1f2e7ef9f19f778e",
            "type": "leaf",
            "state": {
              "type": "empty",
              "state": {},
              "icon": "lucide-file",
              "title": "New tab"
            }
          },
          {
            "id": "91d6cf4f75610ee8",
            "type": "leaf",
            "state": {
              "type": "empty",
              "state": {},
              "icon": "lucide-file",
              "title": "New tab"
            }
          },
          {
            "id": "333f2d8cbbe9c994",
            "type": "leaf",
            "state": {
              "type": "empty",
              "state": {},
              "icon": "lucide-file",
              "title": "New tab"
            }
          },
          {
            "id": "3c71234275c29827",
            "type": "leaf",
            "state": {
              "type": "empty",
              "state": {},
              "icon": "lucide-file",
              "title": "New tab"
            }
          },
          {
            "id": "b7b67d2cbe2ec204",
            "type": "leaf",
            "state": {
              "type": "empty",
              "state": {},
              "icon": "lucide-file",
              "title": "New tab"
            }
          },
          {
            "id": "61edd376249b08cd",
            "type": "leaf",
            "state": {
              "type": "empty",
              "state": {},
              "icon": "lucide-file",
              "title": "New tab"
            }
          },
          {
            "id": "d0ffc28bba7e4150",
            "type": "leaf",
            "state": {
              "type": "empty",
              "state": {},
              "icon": "lucide-file",
              "title": "New tab"
            }
          },
          {
            "id": "90f6ba6ed1bdd1fa",
            "type": "leaf",
            "state": {
              "type": "empty",
              "state": {},
              "icon": "lucide-file",
              "title": "New tab"
            }
          },
          {
            "id": "39ed6458b4f7ebad",
            "type": "leaf",
            "state": {
              "type": "empty",
              "state": {},
              "icon": "lucide-file",
              "title": "New tab"
            }
          },
          {
            "id": "61013b2c3836054b",
            "type": "leaf",
            "state": {
              "type": "empty",
              "state": {},
              "icon": "lucide-file",
              "title": "New tab"
            }
          },
          {
            "id": "13a6b8e45349bbcf",
            "type": "leaf",
            "state": {
              "type": "empty",
              "state": {},
              "icon": "lucide-file",
              "title": "New tab"
            }
          },
          {
            "id": "d5505b6a8f545ed2",
            "type": "leaf",
            "state": {
              "type": "empty",
              "state": {},
              "icon": "lucide-file",
              "title": "New tab"
            }
          },
          {
            "id": "e16b8ebc5c615b5a",
            "type": "leaf",
            "state": {
              "type": "empty",
              "state": {},
              "icon": "lucide-file",
              "title": "New tab"
            }
          },
          {
            "id": "37cc68bfd30d1110",
            "type": "leaf",
            "state": {
              "type": "empty",
              "state": {},
              "icon": "lucide-file",
              "title": "New tab"
            }
          },
          {
            "id": "4a521bc7099c5538",
            "type": "leaf",
            "state": {
              "type": "empty",
              "state": {},
              "icon": "lucide-file",
              "title": "New tab"
            }
          },
          {
            "id": "abd1e6bd04d0c807",
            "type": "leaf",
            "state": {
              "type": "empty",
              "state": {},
              "icon": "lucide-file",
              "title": "New tab"
            }
          },
          {
            "id": "3cf4bf0e8113b2a4",
            "type": "leaf",
            "state": {
              "type": "empty",
              "state": {},
              "icon": "lucide-file",
              "title": "New tab"
            }
          },
          {
            "id": "c640ef461f8c5ee3",
            "type": "leaf",
            "state": {
              "type": "empty",
              "state": {},
              "icon": "lucide-file",
              "title": "New tab"
            }
          },
          {
            "id": "a5c363123dbb7453",
            "type": "leaf",
            "state": {
              "type": "empty",
              "state": {},
              "icon": "lucide-file",
              "title": "New tab"
            }
          },
          {
            "id": "be19655df899a883",
            "type": "leaf",
            "state": {
              "type": "empty",
              "state": {},
              "icon": "lucide-file",
              "title": "New tab"
            }
          },
          {
            "id": "f71e302727f3189d",
            "type": "leaf",
            "state": {
              "type": "empty",
              "state": {},
              "icon": "lucide-file",
              "title": "New tab"
            }
          },
          {
            "id": "cde709ce4cee382f",
            "type": "leaf",
            "state": {
              "type": "empty",
              "state": {},
              "icon": "lucide-file",
              "title": "New tab"
            }
          },
          {
            "id": "af0332b4f77bf0a3",
            "type": "leaf",
            "state": {
              "type": "empty",
              "state": {},
              "icon": "lucide-file",
              "title": "New tab"
            }
          },
          {
            "id": "959b9f4cb492a5d7",
            "type": "leaf",
            "state": {
              "type": "empty",
              "state": {},
              "icon": "lucide-file",
              "title": "New tab"
            }
          },
          {
            "id": "2c83c2e2272fd82c",
            "type": "leaf",
            "state": {
              "type": "empty",
              "state": {},
              "icon": "lucide-file",
              "title": "New tab"
            }
          },
          {
            "id": "e2d969ff0939d888",
            "type": "leaf",
            "state": {
              "type": "empty",
              "state": {},
              "icon": "lucide-file",
              "title": "New tab"
            }
          },
          {
            "id": "2c2f034b48815f46",
            "type": "leaf",
            "state": {
              "type": "empty",
              "state": {},
              "icon": "lucide-file",
              "title": "New tab"
            }
          },
          {
            "id": "810515ce20caf48f",
            "type": "leaf",
            "state": {
              "type": "empty",
              "state": {},
              "icon": "lucide-file",
              "title": "New tab"
            }
          },
          {
            "id": "cf0c2e35f13a4b78",
            "type": "leaf",
            "state": {
              "type": "empty",
              "state": {},
              "icon": "lucide-file",
              "title": "New tab"
            }
          },
          {
            "id": "7caf12fcd5bdc587",
            "type": "leaf",
            "state": {
              "type": "empty",
              "state": {},
              "icon": "lucide-file",
              "title": "New tab"
            }
          },
          {
            "id": "32d69ee6aadcb14d",
            "type": "leaf",
            "state": {
              "type": "empty",
              "state": {},
              "icon": "lucide-file",
              "title": "New tab"
            }
          },
          {
            "id": "549252e259108166",
            "type": "leaf",
            "state": {
              "type": "empty",
              "state": {},
              "icon": "lucide-file",
              "title": "New tab"
            }
          },
          {
            "id": "d68614bbdf751ead",
            "type": "leaf",
            "state": {
              "type": "empty",
              "state": {},
              "icon": "lucide-file",
              "title": "New tab"
            }
          },
          {
            "id": "8226cd9a6da8b551",
            "type": "leaf",
            "state": {
              "type": "empty",
              "state": {},
              "icon": "lucide-file",
              "title": "New tab"
            }
          },
          {
            "id": "fe0bee022886771b",
            "type": "leaf",
            "state": {
              "type": "empty",
              "state": {},
              "icon": "lucide-file",
              "title": "New tab"
            }
          },
          {
            "id": "7cd5388e2121991f",
            "type": "leaf",
            "state": {
              "type": "empty",
              "state": {},
              "icon": "lucide-file",
              "title": "New tab"
            }
          },
          {
            "id": "510195e01469e7da",
            "type": "leaf",
            "state": {
              "type": "empty",
              "state": {},
              "icon": "lucide-file",
              "title": "New tab"
            }
          },
          {
            "id": "1e6d57ceb733c676",
            "type": "leaf",
            "state": {
              "type": "empty",
              "state": {},
              "icon": "lucide-file",
              "title": "New tab"
            }
          },
          {
            "id": "a67cebb1373c5de2",
            "type": "leaf",
            "state": {
              "type": "empty",
              "state": {},
              "icon": "lucide-file",
              "title": "New tab"
            }
          },
          {
            "id": "2084155dd02ca441",
            "type": "leaf",
            "state": {
              "type": "Saved Queries View",
              "state": {},
              "icon": "feather-mouse-pointer",
              "title": "Saved Queries"
            }
          }
        ],
        "currentTab": 49
      }
    ],
    "direction": "horizontal",
    "width": 405.5,
    "collapsed": true
  },
  "left-ribbon": {
    "hiddenItems": {
      "switcher:Open quick switcher": true,
      "templates:Insert template": true,
      "command-palette:Open command palette": false,
      "cmdr:Reload app without saving": false,
      "cmdr:Open Plugin Settings: Rich Foot": false,
      "cmdr:Open Plugin Settings: Pixel Banner": false
    }
  },
  "active": "2fcc429544243a0a",
  "lastOpenFiles": [
    "Untitled.md",
    "🚩 Pixel-Banner.md",
    "tests/🧪 test - 1 - internal link.md",
    "tests/🧪 test - 2 - internal link - quoted.md",
    "tests/🧪 test - 3 - direct url link.md",
    "tests/🧪 test - 4 - all fields.md",
    "tests/🧪 test - 5 - absolute position.md",
    "tests/🧪 test - 7- shuffle time!.md",
    "tests/🧪 test - 8 - render link.md",
    "tests/🧪 test - 9 - svg banner.md",
    "tests/🧪 test - 10 - embed tests.md",
    "tests/🧪 test - 6 - image float right.md",
    "notes/📃 Embedded Note.md",
    "notes/📜 Embedded Note with Banner.md",
    "notes/subfolder/Embedded Note in Subfolder.md",
    "Random Shuffle/Disney Lorcana.md",
    "pixel-banner-images/test/grass.png",
    "pixel-banner-images/test/wave.png",
    "pixel-banner-images/test",
    "releases/v2.11.0 - 📌 Pin my URL Please.md",
    "releases/v2.19.0 - 🦜 X Marks the Spot.md",
    "pixel-banner-images/x-marks-the-spot.png",
    "releases/v2.18.0 - 📏 Gaps & 🗃️ Links.md",
    "releases/v2.16.0 - 😱 Hide the Children, PART II.md",
    "shuffle-images/bell-hidden-archer.jpg",
    "releases/v2.17.0 - 🧦 Sort your Sock Drawer.md",
    "releases/v2.15.0 - 🏷️ Streamlined Banner Bliss.md",
    "releases/v2.14.0 - 👩‍👧‍👦 Hide the Children.md",
    "releases/v2.13.0 - 🖼️ View my Banner.md",
    "releases/v2.12.0 - 🔀 Random Image Shuffle.md",
    "releases/v2.10.0 - 🖌️ Title Color.md",
    "pixel-banner-images/dog.jpg",
    "pixel-banner-images/artwork.webp",
    "pixel-banner-images/wall-of-images.png",
    "pixel-banner-images/shuffle.png",
    "pixel-banner-images/pin-clouds.jpg",
    "pixel-banner-images/monster-looking-at-children.png",
    "x",
    "zzzzz",
    "pixel-banner-images/pin-clouds.jpg.crdownload",
    "pixel-banner-images/father-and-child (1).jpg.crdownload",
    "50",
    "Random Shuffle",
    "shuffle-images",
    "releases",
    "images/releases"
  ]
}