{
  "main": {
    "id": "933d6af10ac98474",
    "type": "split",
    "children": [
      {
        "id": "5fa59c190215ee51",
        "type": "tabs",
        "children": [
          {
            "id": "bb0eadd906c5f6a6",
            "type": "leaf",
            "state": {
              "type": "markdown",
              "state": {
                "file": "🚩 Pixel-Banner.md",
                "mode": "preview",
                "source": true
              },
              "icon": "lucide-file",
              "title": "🚩 Pixel-Banner"
            }
          }
        ]
      }
    ],
    "direction": "vertical"
  },
  "left": {
    "id": "d02577f86e82d204",
    "type": "split",
    "children": [
      {
        "id": "8b7043bbb2261175",
        "type": "tabs",
        "children": [
          {
            "id": "342e5185840138ef",
            "type": "leaf",
            "state": {
              "type": "file-explorer",
              "state": {
                "sortOrder": "alphabetical"
              },
              "icon": "lucide-folder-closed",
              "title": "Files"
            }
          },
          {
            "id": "d91fd6b367a360fc",
            "type": "leaf",
            "state": {
              "type": "search",
              "state": {
                "query": "",
                "matchingCase": false,
                "explainSearch": false,
                "collapseAll": false,
                "extraContext": false,
                "sortOrder": "alphabetical"
              },
              "icon": "lucide-search",
              "title": "Search"
            }
          },
          {
            "id": "1e8a1f4b728d2339",
            "type": "leaf",
            "state": {
              "type": "bookmarks",
              "state": {},
              "icon": "lucide-bookmark",
              "title": "Bookmarks"
            }
          }
        ]
      }
    ],
    "direction": "horizontal",
    "width": 301.5
  },
  "right": {
    "id": "b099b6b5c1c79396",
    "type": "split",
    "children": [
      {
        "id": "0869d7b720196732",
        "type": "tabs",
        "children": [
          {
            "id": "ca4716b07c6a8ef6",
            "type": "leaf",
            "state": {
              "type": "tag",
              "state": {
                "sortOrder": "frequency",
                "useHierarchy": true
              },
              "icon": "lucide-tags",
              "title": "Tags"
            }
          },
          {
            "id": "e1c0272d1b30a022",
            "type": "leaf",
            "state": {
              "type": "calendar",
              "state": {},
              "icon": "calendar-with-checkmark",
              "title": "Calendar"
            }
          },
          {
            "id": "d30e7d66cc31247f",
            "type": "leaf",
            "state": {
              "type": "backlink",
              "state": {
                "file": "2025-01-21.md",
                "collapseAll": false,
                "extraContext": false,
                "sortOrder": "alphabetical",
                "showSearch": false,
                "searchQuery": "",
                "backlinkCollapsed": false,
                "unlinkedCollapsed": true
              },
              "icon": "links-coming-in",
              "title": "Backlinks for 2025-01-21"
            }
          },
          {
            "id": "93db444268d0617b",
            "type": "leaf",
            "state": {
              "type": "outgoing-link",
              "state": {
                "file": "2025-01-21.md",
                "linksCollapsed": false,
                "unlinkedCollapsed": true
              },
              "icon": "links-going-out",
              "title": "Outgoing links from 2025-01-21"
            }
          },
          {
            "id": "33e469a0aaef2668",
            "type": "leaf",
            "state": {
              "type": "all-properties",
              "state": {
                "sortOrder": "frequency",
                "showSearch": false,
                "searchQuery": ""
              },
              "icon": "lucide-archive",
              "title": "All properties"
            }
          },
          {
            "id": "20c2cd7b26978fc4",
            "type": "leaf",
            "state": {
              "type": "outline",
              "state": {
                "file": "2025-01-21.md",
                "followCursor": false,
                "showSearch": false,
                "searchQuery": ""
              },
              "icon": "lucide-list",
              "title": "Outline of 2025-01-21"
            }
          },
          {
            "id": "46e0e2aeaf4a619e",
            "type": "leaf",
            "state": {
              "type": "Saved Queries View",
              "state": {},
              "icon": "feather-mouse-pointer",
              "title": "Saved Queries"
            }
          }
        ],
        "currentTab": 1
      }
    ],
    "direction": "horizontal",
    "width": 420.5
  },
  "left-ribbon": {
    "hiddenItems": {
      "switcher:Open quick switcher": true,
      "templates:Insert template": true,
      "command-palette:Open command palette": false,
      "cmdr:Reload app without saving": false,
      "cmdr:Open Plugin Settings: Rich Foot": false,
      "cmdr:Open Plugin Settings: Pixel Banner": false
    }
  },
  "active": "bb0eadd906c5f6a6",
  "lastOpenFiles": [
    "tests/snippets.md",
    "2025-01-21.md",
    "2025-01-20.md",
    "tests/banner icon 2.md",
    "tests/banner icon 1.md",
    "🚩 Pixel-Banner.md",
    "tests/🧪 test - 10 - embed tests.md",
    "tests/🧪 test - 4 - all fields.md",
    "tests/🧪 test - 1 - internal link.md",
    "tests/🧪 test - 8 - render link.md",
    "tests/🧪 test - 9 - svg banner.md",
    "tests/various embedded heights/_embedding-test.md",
    "tests/various embedded heights/banner-height-300.md",
    "tests/various embedded heights/banner-height-150.md",
    "tests/various embedded heights/banner-height-50.md",
    "tests/🧪 test - 7- shuffle time!.md",
    "tests/🧪 test - 6 - image float right.md",
    "tests/🧪 test - 5 - absolute position.md",
    "tests/🧪 test - 3 - direct url link.md",
    "tests/🧪 test - 2 - internal link - unquoted.md",
    "Random Shuffle/Disney Lorcana.md",
    "releases/v2.20.0 - ⭐ The Icon has Landed.md",
    "releases/v2.19.0 - 🦜 X Marks the Spot.md",
    "releases/v2.18.0 - 📏 Gaps & 🗃️ Links.md",
    "releases/v2.16.0 - 😱 Hide the Children, PART II.md",
    "releases/v2.15.0 - 🏷️ Streamlined Banner Bliss.md",
    "shuffle-images/daisy-duck-secret-agent.jpg",
    "shuffle-images/bell-hidden-archer.jpg",
    "pixel-banner-images/code.png",
    "pixel-banner-images/shooting-star.png",
    "pixel-banner-images/artwork.webp",
    "tests/various embedded heights",
    "pixel-banner-images/test/grass.png",
    "pixel-banner-images/test/wave.png",
    "pixel-banner-images/test",
    "pixel-banner-images/x-marks-the-spot.png",
    "pixel-banner-images/dog.jpg",
    "pixel-banner-images/wall-of-images.png",
    "x",
    "zzzzz",
    "pixel-banner-images/pin-clouds.jpg.crdownload",
    "pixel-banner-images/father-and-child (1).jpg.crdownload",
    "50",
    "Random Shuffle",
    "shuffle-images",
    "releases"
  ]
}