{
  "main": {
    "id": "933d6af10ac98474",
    "type": "split",
    "children": [
      {
        "id": "46a3d567cb84ce90",
        "type": "tabs",
        "children": [
          {
            "id": "2fcc429544243a0a",
            "type": "leaf",
            "state": {
              "type": "markdown",
              "state": {
                "file": "releases/v2.19.0 - 🦜 X Marks the Spot.md",
                "mode": "preview",
                "source": true
              },
              "icon": "lucide-file",
              "title": "v2.19.0 - 🦜 X Marks the Spot"
            }
          }
        ]
      }
    ],
    "direction": "vertical"
  },
  "left": {
    "id": "d02577f86e82d204",
    "type": "split",
    "children": [
      {
        "id": "8b7043bbb2261175",
        "type": "tabs",
        "children": [
          {
            "id": "342e5185840138ef",
            "type": "leaf",
            "state": {
              "type": "file-explorer",
              "state": {
                "sortOrder": "alphabetical"
              },
              "icon": "lucide-folder-closed",
              "title": "Files"
            }
          },
          {
            "id": "d91fd6b367a360fc",
            "type": "leaf",
            "state": {
              "type": "search",
              "state": {
                "query": "",
                "matchingCase": false,
                "explainSearch": false,
                "collapseAll": false,
                "extraContext": false,
                "sortOrder": "alphabetical"
              },
              "icon": "lucide-search",
              "title": "Search"
            }
          },
          {
            "id": "1e8a1f4b728d2339",
            "type": "leaf",
            "state": {
              "type": "bookmarks",
              "state": {},
              "icon": "lucide-bookmark",
              "title": "Bookmarks"
            }
          }
        ]
      }
    ],
    "direction": "horizontal",
    "width": 300
  },
  "right": {
    "id": "b099b6b5c1c79396",
    "type": "split",
    "children": [
      {
        "id": "0869d7b720196732",
        "type": "tabs",
        "children": [
          {
            "id": "4be35a81ddc47423",
            "type": "leaf",
            "state": {
              "type": "outline",
              "state": {
                "file": "🚩 Pixel-Banner.md"
              },
              "icon": "lucide-list",
              "title": "Outline of 🚩 Pixel-Banner"
            }
          },
          {
            "id": "cac855cabb82aa42",
            "type": "leaf",
            "state": {
              "type": "file-properties",
              "state": {
                "file": "🚩 Pixel-Banner.md"
              },
              "icon": "lucide-info",
              "title": "File properties for 🚩 Pixel-Banner"
            }
          },
          {
            "id": "ca4716b07c6a8ef6",
            "type": "leaf",
            "state": {
              "type": "tag",
              "state": {
                "sortOrder": "frequency",
                "useHierarchy": true
              },
              "icon": "lucide-tags",
              "title": "Tags"
            }
          },
          {
            "id": "8780f9aa80507c44",
            "type": "leaf",
            "state": {
              "type": "backlink",
              "state": {
                "file": "🚩 Pixel-Banner.md",
                "collapseAll": false,
                "extraContext": false,
                "sortOrder": "alphabetical",
                "showSearch": false,
                "searchQuery": "",
                "backlinkCollapsed": false,
                "unlinkedCollapsed": true
              },
              "icon": "links-coming-in",
              "title": "Backlinks for 🚩 Pixel-Banner"
            }
          },
          {
            "id": "fa47c755ba3db1d9",
            "type": "leaf",
            "state": {
              "type": "outgoing-link",
              "state": {
                "file": "🚩 Pixel-Banner.md",
                "linksCollapsed": false,
                "unlinkedCollapsed": true
              },
              "icon": "links-going-out",
              "title": "Outgoing links from 🚩 Pixel-Banner"
            }
          },
          {
            "id": "261f36800d676551",
            "type": "leaf",
            "state": {
              "type": "all-properties",
              "state": {
                "sortOrder": "frequency",
                "showSearch": false,
                "searchQuery": ""
              },
              "icon": "lucide-archive",
              "title": "All properties"
            }
          },
          {
            "id": "10fbef750001f8cd",
            "type": "leaf",
            "state": {
              "type": "empty",
              "state": {},
              "icon": "lucide-file",
              "title": "New tab"
            }
          },
          {
            "id": "eb8f23dcccb5e671",
            "type": "leaf",
            "state": {
              "type": "empty",
              "state": {},
              "icon": "lucide-file",
              "title": "New tab"
            }
          },
          {
            "id": "cbdc58a84a179c2d",
            "type": "leaf",
            "state": {
              "type": "empty",
              "state": {},
              "icon": "lucide-file",
              "title": "New tab"
            }
          },
          {
            "id": "2a7ae7fafcb90c2c",
            "type": "leaf",
            "state": {
              "type": "empty",
              "state": {},
              "icon": "lucide-file",
              "title": "New tab"
            }
          },
          {
            "id": "1f2e7ef9f19f778e",
            "type": "leaf",
            "state": {
              "type": "Saved Queries View",
              "state": {},
              "icon": "feather-mouse-pointer",
              "title": "Saved Queries"
            }
          }
        ],
        "currentTab": 10
      }
    ],
    "direction": "horizontal",
    "width": 405.5,
    "collapsed": true
  },
  "left-ribbon": {
    "hiddenItems": {
      "switcher:Open quick switcher": true,
      "templates:Insert template": true,
      "command-palette:Open command palette": false,
      "cmdr:Reload app without saving": false,
      "cmdr:Open Plugin Settings: Rich Foot": false,
      "cmdr:Open Plugin Settings: Pixel Banner": false,
      "obsidian-custom-frames:Open 📄 release notes": false
    }
  },
  "active": "2fcc429544243a0a",
  "lastOpenFiles": [
    "pixel-banner-images/x-marks-the-spot.png",
    "releases/v2.18.0 - 📏 Gaps & 🗃️ Links.md",
    "releases/v2.19.0 - 🦜 X Marks the Spot.md",
    "🚩 Pixel-Banner.md",
    "tests/🧪 test - 7- shuffle time!.md",
    "releases/v2.16.0 - 😱 Hide the Children, PART II.md",
    "tests/🧪 test - 4 - all fields.md",
    "tests/🧪 test - 5 - absolute position.md",
    "tests/🧪 test - 10 - embed tests.md",
    "tests/🧪 test - 8 - render link.md",
    "tests/🧪 test - 9 - svg banner.md",
    "tests/🧪 test - 6 - image float right.md",
    "tests/🧪 test - 3 - direct url link.md",
    "tests/🧪 test - 2 - internal link - quoted.md",
    "tests/🧪 test - 1 - internal link.md",
    "Random Shuffle/Disney Lorcana.md",
    "shuffle-images/bell-hidden-archer.jpg",
    "releases/v2.17.0 - 🧦 Sort your Sock Drawer.md",
    "releases/v2.15.0 - 🏷️ Streamlined Banner Bliss.md",
    "releases/v2.14.0 - 👩‍👧‍👦 Hide the Children.md",
    "releases/v2.13.0 - 🖼️ View my Banner.md",
    "releases/v2.12.0 - 🔀 Random Image Shuffle.md",
    "releases/v2.11.0 - 📌 Pin my URL Please.md",
    "releases/v2.10.0 - 🖌️ Title Color.md",
    "pixel-banner-images/dog.jpg",
    "pixel-banner-images/artwork.webp",
    "notes/📃 Embedded Note.md",
    "notes/📜 Embedded Note with Banner.md",
    "pixel-banner-images/wall-of-images.png",
    "pixel-banner-images/shuffle.png",
    "pixel-banner-images/pin-clouds.jpg",
    "pixel-banner-images/monster-looking-at-children.png",
    "pixel-banner-images/good-art-is-never-forgotten.png",
    "pixel-banner-images/father-and-child.jpg",
    "shuffle-images/merlin-shapeshifter.jpg",
    "x/Untitled.md",
    "x",
    "zzzzz",
    "pixel-banner-images/pin-clouds.jpg.crdownload",
    "pixel-banner-images/father-and-child (1).jpg.crdownload",
    "50",
    "Random Shuffle",
    "shuffle-images",
    "releases",
    "images/releases",
    "images/New folder"
  ]
}