{
  "editor:delete-paragraph": [
    {
      "modifiers": [
        "Mod",
        "Shift"
      ],
      "key": "D"
    }
  ],
  "advanced-cursors:add-next-match-to-selections": [
    {
      "modifiers": [
        "Mod"
      ],
      "key": "D"
    }
  ],
  "advanced-cursors:add-cursor-above": [
    {
      "modifiers": [
        "Alt",
        "Mod"
      ],
      "key": "ArrowUp"
    }
  ],
  "advanced-cursors:add-cursor-below": [
    {
      "modifiers": [
        "Alt",
        "Mod"
      ],
      "key": "ArrowDown"
    }
  ],
  "advanced-cursors:copy-line-down": [
    {
      "modifiers": [
        "Alt",
        "Shift"
      ],
      "key": "ArrowDown"
    }
  ],
  "advanced-cursors:copy-line-up": [
    {
      "modifiers": [
        "Alt",
        "Shift"
      ],
      "key": "ArrowUp"
    }
  ],
  "editor:swap-line-down": [
    {
      "modifiers": [
        "Alt"
      ],
      "key": "ArrowDown"
    }
  ],
  "editor:swap-line-up": [
    {
      "modifiers": [
        "Alt"
      ],
      "key": "ArrowUp"
    }
  ]
}