{
  "main": {
    "id": "933d6af10ac98474",
    "type": "split",
    "children": [
      {
        "id": "c78f46a9d7ef4fa3",
        "type": "tabs",
        "children": [
          {
            "id": "7e329a32587f3433",
            "type": "leaf",
            "state": {
              "type": "markdown",
              "state": {
                "file": "🚩 Pixel-Banner.md",
                "mode": "preview",
                "source": true
              },
              "icon": "lucide-file",
              "title": "🚩 Pixel-Banner"
            }
          }
        ]
      }
    ],
    "direction": "vertical"
  },
  "left": {
    "id": "d02577f86e82d204",
    "type": "split",
    "children": [
      {
        "id": "8b7043bbb2261175",
        "type": "tabs",
        "children": [
          {
            "id": "342e5185840138ef",
            "type": "leaf",
            "state": {
              "type": "file-explorer",
              "state": {
                "sortOrder": "alphabetical"
              },
              "icon": "lucide-folder-closed",
              "title": "Files"
            }
          },
          {
            "id": "d91fd6b367a360fc",
            "type": "leaf",
            "state": {
              "type": "search",
              "state": {
                "query": "",
                "matchingCase": false,
                "explainSearch": false,
                "collapseAll": false,
                "extraContext": false,
                "sortOrder": "alphabetical"
              },
              "icon": "lucide-search",
              "title": "Search"
            }
          },
          {
            "id": "1e8a1f4b728d2339",
            "type": "leaf",
            "state": {
              "type": "bookmarks",
              "state": {},
              "icon": "lucide-bookmark",
              "title": "Bookmarks"
            }
          }
        ]
      }
    ],
    "direction": "horizontal",
    "width": 300
  },
  "right": {
    "id": "b099b6b5c1c79396",
    "type": "split",
    "children": [
      {
        "id": "0869d7b720196732",
        "type": "tabs",
        "children": [
          {
            "id": "4be35a81ddc47423",
            "type": "leaf",
            "state": {
              "type": "outline",
              "state": {},
              "icon": "lucide-list",
              "title": "Outline"
            }
          },
          {
            "id": "cac855cabb82aa42",
            "type": "leaf",
            "state": {
              "type": "file-properties",
              "state": {
                "file": "tests/🧪 test - 3 - direct url link.md"
              },
              "icon": "lucide-info",
              "title": "File properties for 🧪 test - 3 - direct url link"
            }
          },
          {
            "id": "ca4716b07c6a8ef6",
            "type": "leaf",
            "state": {
              "type": "tag",
              "state": {
                "sortOrder": "frequency",
                "useHierarchy": true
              },
              "icon": "lucide-tags",
              "title": "Tags"
            }
          },
          {
            "id": "0b8392d768b02898",
            "type": "leaf",
            "state": {
              "type": "backlink",
              "state": {
                "file": "🚩 Pixel-Banner.md",
                "collapseAll": false,
                "extraContext": false,
                "sortOrder": "alphabetical",
                "showSearch": false,
                "searchQuery": "",
                "backlinkCollapsed": false,
                "unlinkedCollapsed": true
              },
              "icon": "links-coming-in",
              "title": "Backlinks for 🚩 Pixel-Banner"
            }
          },
          {
            "id": "75ffb3a5a8e29cf6",
            "type": "leaf",
            "state": {
              "type": "outgoing-link",
              "state": {
                "file": "🚩 Pixel-Banner.md",
                "linksCollapsed": false,
                "unlinkedCollapsed": true
              },
              "icon": "links-going-out",
              "title": "Outgoing links from 🚩 Pixel-Banner"
            }
          },
          {
            "id": "dcaeda94c60936ca",
            "type": "leaf",
            "state": {
              "type": "all-properties",
              "state": {
                "sortOrder": "frequency",
                "showSearch": false,
                "searchQuery": ""
              },
              "icon": "lucide-archive",
              "title": "All properties"
            }
          },
          {
            "id": "8263d45bfce8a429",
            "type": "leaf",
            "state": {
              "type": "empty",
              "state": {},
              "icon": "lucide-file",
              "title": "New tab"
            }
          },
          {
            "id": "2b5d0cbb4fc8b9a6",
            "type": "leaf",
            "state": {
              "type": "empty",
              "state": {},
              "icon": "lucide-file",
              "title": "New tab"
            }
          },
          {
            "id": "2f4b3add86a1a19a",
            "type": "leaf",
            "state": {
              "type": "empty",
              "state": {},
              "icon": "lucide-file",
              "title": "New tab"
            }
          },
          {
            "id": "a6416e68a17076c5",
            "type": "leaf",
            "state": {
              "type": "empty",
              "state": {},
              "icon": "lucide-file",
              "title": "New tab"
            }
          },
          {
            "id": "bba594f65b1653e4",
            "type": "leaf",
            "state": {
              "type": "empty",
              "state": {},
              "icon": "lucide-file",
              "title": "New tab"
            }
          },
          {
            "id": "817df172e8f71ca5",
            "type": "leaf",
            "state": {
              "type": "empty",
              "state": {},
              "icon": "lucide-file",
              "title": "New tab"
            }
          },
          {
            "id": "290c7325060485e9",
            "type": "leaf",
            "state": {
              "type": "empty",
              "state": {},
              "icon": "lucide-file",
              "title": "New tab"
            }
          },
          {
            "id": "4fb35951e5311aee",
            "type": "leaf",
            "state": {
              "type": "empty",
              "state": {},
              "icon": "lucide-file",
              "title": "New tab"
            }
          },
          {
            "id": "cb61e1a768d1c561",
            "type": "leaf",
            "state": {
              "type": "empty",
              "state": {},
              "icon": "lucide-file",
              "title": "New tab"
            }
          },
          {
            "id": "b84ee511417c47e3",
            "type": "leaf",
            "state": {
              "type": "empty",
              "state": {},
              "icon": "lucide-file",
              "title": "New tab"
            }
          },
          {
            "id": "1e69c5b87cf2ed44",
            "type": "leaf",
            "state": {
              "type": "empty",
              "state": {},
              "icon": "lucide-file",
              "title": "New tab"
            }
          },
          {
            "id": "2826ca87b8cfd557",
            "type": "leaf",
            "state": {
              "type": "empty",
              "state": {},
              "icon": "lucide-file",
              "title": "New tab"
            }
          },
          {
            "id": "8985fe7d7d519a72",
            "type": "leaf",
            "state": {
              "type": "empty",
              "state": {},
              "icon": "lucide-file",
              "title": "New tab"
            }
          },
          {
            "id": "7103afc86d99a044",
            "type": "leaf",
            "state": {
              "type": "empty",
              "state": {},
              "icon": "lucide-file",
              "title": "New tab"
            }
          },
          {
            "id": "67a70bfcc81f30a4",
            "type": "leaf",
            "state": {
              "type": "empty",
              "state": {},
              "icon": "lucide-file",
              "title": "New tab"
            }
          },
          {
            "id": "b857c1f003bb30d6",
            "type": "leaf",
            "state": {
              "type": "empty",
              "state": {},
              "icon": "lucide-file",
              "title": "New tab"
            }
          },
          {
            "id": "9d3661ae7552bcc1",
            "type": "leaf",
            "state": {
              "type": "empty",
              "state": {},
              "icon": "lucide-file",
              "title": "New tab"
            }
          },
          {
            "id": "6c6038f23876bcfa",
            "type": "leaf",
            "state": {
              "type": "empty",
              "state": {},
              "icon": "lucide-file",
              "title": "New tab"
            }
          },
          {
            "id": "e394ada369d90ec9",
            "type": "leaf",
            "state": {
              "type": "empty",
              "state": {},
              "icon": "lucide-file",
              "title": "New tab"
            }
          },
          {
            "id": "6a33440533ab88bf",
            "type": "leaf",
            "state": {
              "type": "empty",
              "state": {},
              "icon": "lucide-file",
              "title": "New tab"
            }
          },
          {
            "id": "7270fba1f81c3e42",
            "type": "leaf",
            "state": {
              "type": "empty",
              "state": {},
              "icon": "lucide-file",
              "title": "New tab"
            }
          },
          {
            "id": "f353c929163616ef",
            "type": "leaf",
            "state": {
              "type": "empty",
              "state": {},
              "icon": "lucide-file",
              "title": "New tab"
            }
          },
          {
            "id": "d09d5f12f0e6e14a",
            "type": "leaf",
            "state": {
              "type": "empty",
              "state": {},
              "icon": "lucide-file",
              "title": "New tab"
            }
          },
          {
            "id": "cd386c3882bfe243",
            "type": "leaf",
            "state": {
              "type": "empty",
              "state": {},
              "icon": "lucide-file",
              "title": "New tab"
            }
          },
          {
            "id": "95ce12aeba608edf",
            "type": "leaf",
            "state": {
              "type": "Saved Queries View",
              "state": {},
              "icon": "feather-mouse-pointer",
              "title": "Saved Queries"
            }
          }
        ],
        "currentTab": 30
      }
    ],
    "direction": "horizontal",
    "width": 534.5,
    "collapsed": true
  },
  "left-ribbon": {
    "hiddenItems": {
      "switcher:Open quick switcher": true,
      "templates:Insert template": true,
      "obsidian-custom-frames:Open 📄 release notes": false,
      "cmdr:Reload app without saving": false,
      "cmdr:Open Plugin Settings: Pixel Banner": false,
      "cmdr:Open Plugin Settings: Rich Foot": false,
      "command-palette:Open command palette": false
    }
  },
  "active": "7e329a32587f3433",
  "lastOpenFiles": [
    "test.md",
    "🚩 Pixel-Banner.md",
    "images/forest.jpg",
    "Untitled 2.md",
    "Untitled 1.md",
    "releases/v2.18.0 - 📏 Gaps & 🗃️ Links.md",
    "releases/v2.17.0 - 🧦 Sort your Sock Drawer.md",
    "releases/v2.12.0 - 🔀 Random Image Shuffle.md",
    "releases/v2.15.0 - 🏷️ Streamlined Banner Bliss.md",
    "releases/v2.10.0 - 🖌️ Title Color.md",
    "releases/v2.13.0 - 🖼️ View my Banner.md",
    "releases/v2.16.0 - 😱 Hide the Children, PART II.md",
    "releases/v2.14.0 - 👩‍👧‍👦 Hide the Children.md",
    "releases/v2.11.0 - 📌 Pin my URL Please.md",
    "tests/🧪 test - 4 - all fields.md",
    "tests/🧪 test - 1 - internal link.md",
    "tests/🧪 test - 3 - direct url link.md",
    "tests/🧪 test - 6 - image float right.md",
    "tests/🧪 test - 5 - absolute position.md",
    "tests/🧪 test - 8 - render link.md",
    "tests/🧪 test - 2 - internal link - quoted.md",
    "tests/🧪 test - 7- shuffle time!.md",
    "tests/🧪 test - 9 - embed tests.md",
    "pixel-banner-images/file-folders.png",
    "Banner Gap.md",
    "Pixel Banner Auto Link Format.md",
    "zzzzz/Content Start.md",
    "images/artwork.png",
    "pixel-banner-images/monster-looking-at-children.png",
    "pixel-banner-images/paint-drips.png",
    "zzzzz",
    "pixel-banner-images/father-and-child.jpg",
    "pixel-banner-images/pin-clouds.jpg",
    "pixel-banner-images/pin-clouds.jpg.crdownload",
    "pixel-banner-images/father-and-child (1).jpg",
    "pixel-banner-images/father-and-child (1).jpg.crdownload",
    "pixel-banner-images/wall-of-images.png",
    "pixel-banner-images/Screenshot 2024-12-30 161726.png",
    "50",
    "Random Shuffle",
    "shuffle-images",
    "releases",
    "images/releases",
    "images/New folder",
    "= attachments"
  ]
}