{
  "main": {
    "id": "933d6af10ac98474",
    "type": "split",
    "children": [
      {
        "id": "105a00ac76195bf9",
        "type": "tabs",
        "children": [
          {
            "id": "c98ed0f3d92eb093",
            "type": "leaf",
            "state": {
              "type": "markdown",
              "state": {
                "file": "🚩 Pixel-Banner.md",
                "mode": "preview",
                "source": true
              },
              "icon": "lucide-file",
              "title": "🚩 Pixel-Banner"
            }
          }
        ]
      }
    ],
    "direction": "vertical"
  },
  "left": {
    "id": "d02577f86e82d204",
    "type": "split",
    "children": [
      {
        "id": "8b7043bbb2261175",
        "type": "tabs",
        "children": [
          {
            "id": "342e5185840138ef",
            "type": "leaf",
            "state": {
              "type": "file-explorer",
              "state": {
                "sortOrder": "alphabetical"
              },
              "icon": "lucide-folder-closed",
              "title": "Files"
            }
          },
          {
            "id": "d91fd6b367a360fc",
            "type": "leaf",
            "state": {
              "type": "search",
              "state": {
                "query": "",
                "matchingCase": false,
                "explainSearch": false,
                "collapseAll": false,
                "extraContext": false,
                "sortOrder": "alphabetical"
              },
              "icon": "lucide-search",
              "title": "Search"
            }
          },
          {
            "id": "1e8a1f4b728d2339",
            "type": "leaf",
            "state": {
              "type": "bookmarks",
              "state": {},
              "icon": "lucide-bookmark",
              "title": "Bookmarks"
            }
          }
        ]
      }
    ],
    "direction": "horizontal",
    "width": 300
  },
  "right": {
    "id": "b099b6b5c1c79396",
    "type": "split",
    "children": [
      {
        "id": "0869d7b720196732",
        "type": "tabs",
        "children": [
          {
            "id": "4be35a81ddc47423",
            "type": "leaf",
            "state": {
              "type": "outline",
              "state": {
                "file": "🚩 Pixel-Banner.md"
              },
              "icon": "lucide-list",
              "title": "Outline of 🚩 Pixel-Banner"
            }
          },
          {
            "id": "cac855cabb82aa42",
            "type": "leaf",
            "state": {
              "type": "file-properties",
              "state": {
                "file": "Untitled.md"
              },
              "icon": "lucide-info",
              "title": "File properties for Untitled"
            }
          },
          {
            "id": "e463364a089317a2",
            "type": "leaf",
            "state": {
              "type": "backlink",
              "state": {
                "file": "🚩 Pixel-Banner.md",
                "collapseAll": false,
                "extraContext": false,
                "sortOrder": "alphabetical",
                "showSearch": false,
                "searchQuery": "",
                "backlinkCollapsed": false,
                "unlinkedCollapsed": true
              },
              "icon": "links-coming-in",
              "title": "Backlinks for 🚩 Pixel-Banner"
            }
          },
          {
            "id": "9d008dd734fcdeb8",
            "type": "leaf",
            "state": {
              "type": "outgoing-link",
              "state": {
                "file": "🚩 Pixel-Banner.md",
                "linksCollapsed": false,
                "unlinkedCollapsed": true
              },
              "icon": "links-going-out",
              "title": "Outgoing links from 🚩 Pixel-Banner"
            }
          },
          {
            "id": "ca4716b07c6a8ef6",
            "type": "leaf",
            "state": {
              "type": "tag",
              "state": {
                "sortOrder": "frequency",
                "useHierarchy": true
              },
              "icon": "lucide-tags",
              "title": "Tags"
            }
          },
          {
            "id": "a64a3f5792595b22",
            "type": "leaf",
            "state": {
              "type": "all-properties",
              "state": {
                "sortOrder": "frequency",
                "showSearch": false,
                "searchQuery": ""
              },
              "icon": "lucide-archive",
              "title": "All properties"
            }
          }
        ],
        "currentTab": 1
      }
    ],
    "direction": "horizontal",
    "width": 300,
    "collapsed": true
  },
  "left-ribbon": {
    "hiddenItems": {
      "switcher:Open quick switcher": false,
      "templates:Insert template": false,
      "command-palette:Open command palette": false,
      "cmdr:Reload app without saving": false,
      "cmdr:Open Plugin Settings: Pixel Banner": false,
      "cmdr:Open Plugin Settings: Rich Foot": false
    }
  },
  "active": "c98ed0f3d92eb093",
  "lastOpenFiles": [
    "Untitled.md",
    "🚩 Pixel-Banner.md",
    "test.md",
    "tests/🧪 test - 5 - absolute position.md",
    "🚩 Pixel Banner - v2.9.0 - 🥷 Ninja Fields.md",
    "pixel-banner-images/ninja.png",
    "tests/🧪 test - 1 - internal link.md",
    "tests/🧪 test - 3 - direct url link.md",
    "tests/🧪 test - 2 - internal link - quoted.md",
    "tests/🧪 test - 6 - image float right.md",
    "tests/🧪 test - 4 - all fields.md",
    "tests/🧪 test - 7 - embed tests.md",
    "notes/📜 Embedded Note with Banner.md",
    "notes/📃 Embedded Note.md",
    "notes/subfolder/Embedded Note in Subfolder.md",
    "pixel-banner-images/foot.jpg",
    "pixel-banner-images/foot3.jpg",
    "pixel-banner-images/foot1.jpg",
    "pixel-banner-images/foot2.jpg",
    "pixel-banner-images/rich-feet-2.jpg",
    "pixel-banner-images/rich-feet-3.jpg",
    "pixel-banner-images/rich-feet.jpg",
    "pixel-banner-images/test.gif",
    "pixel-banner-images/foot 1.jpg",
    "🚩 Pixel Banner - v2.7.0 - 🔵🔴 Flickr Time.md",
    "misc tests",
    "test1.md",
    "tests/🧪 test - 6 - embed tests 2.md",
    "plain note.md",
    "frog.md",
    "pixel-banner-images",
    "pixel-banners",
    "temp.md",
    "tests",
    "notes/subfolder",
    "bay.md",
    "🚩 Pexels-Banner.md",
    "Clippings/Official Obsidian web clipper now available!  rObsidianMD.md",
    "Clippings",
    "embeds/📃 Embedded Note without Banner.md",
    "notes",
    "1b.md",
    "1a.md",
    "images"
  ]
}