{
  "main": {
    "id": "933d6af10ac98474",
    "type": "split",
    "children": [
      {
        "id": "de4ade13e6a7f71e",
        "type": "tabs",
        "children": [
          {
            "id": "b5a48f7bd795d56a",
            "type": "leaf",
            "state": {
              "type": "markdown",
              "state": {
                "file": "releases/v2.13.0 - 🖼️ View my Banner.md",
                "mode": "preview",
                "source": true
              },
              "icon": "lucide-file",
              "title": "v2.13.0 - 🖼️ View my Banner"
            }
          },
          {
            "id": "1b35562643a24e09",
            "type": "leaf",
            "state": {
              "type": "custom-frames-📄-release-notes",
              "state": {},
              "icon": "lucide-notebook-pen",
              "title": "📄 release notes"
            }
          }
        ]
      }
    ],
    "direction": "vertical"
  },
  "left": {
    "id": "d02577f86e82d204",
    "type": "split",
    "children": [
      {
        "id": "8b7043bbb2261175",
        "type": "tabs",
        "children": [
          {
            "id": "342e5185840138ef",
            "type": "leaf",
            "state": {
              "type": "file-explorer",
              "state": {
                "sortOrder": "alphabetical"
              },
              "icon": "lucide-folder-closed",
              "title": "Files"
            }
          },
          {
            "id": "d91fd6b367a360fc",
            "type": "leaf",
            "state": {
              "type": "search",
              "state": {
                "query": "",
                "matchingCase": false,
                "explainSearch": false,
                "collapseAll": false,
                "extraContext": false,
                "sortOrder": "alphabetical"
              },
              "icon": "lucide-search",
              "title": "Search"
            }
          },
          {
            "id": "1e8a1f4b728d2339",
            "type": "leaf",
            "state": {
              "type": "bookmarks",
              "state": {},
              "icon": "lucide-bookmark",
              "title": "Bookmarks"
            }
          }
        ]
      }
    ],
    "direction": "horizontal",
    "width": 300
  },
  "right": {
    "id": "b099b6b5c1c79396",
    "type": "split",
    "children": [
      {
        "id": "0869d7b720196732",
        "type": "tabs",
        "children": [
          {
            "id": "4be35a81ddc47423",
            "type": "leaf",
            "state": {
              "type": "outline",
              "state": {
                "file": "🚩 Pixel-Banner.md"
              },
              "icon": "lucide-list",
              "title": "Outline of 🚩 Pixel-Banner"
            }
          },
          {
            "id": "cac855cabb82aa42",
            "type": "leaf",
            "state": {
              "type": "file-properties",
              "state": {
                "file": "tests/🧪 test - 3 - direct url link.md"
              },
              "icon": "lucide-info",
              "title": "File properties for 🧪 test - 3 - direct url link"
            }
          },
          {
            "id": "ca4716b07c6a8ef6",
            "type": "leaf",
            "state": {
              "type": "tag",
              "state": {
                "sortOrder": "frequency",
                "useHierarchy": true
              },
              "icon": "lucide-tags",
              "title": "Tags"
            }
          },
          {
            "id": "a1005715d1ca5f81",
            "type": "leaf",
            "state": {
              "type": "backlink",
              "state": {
                "file": "🚩 Pixel-Banner.md",
                "collapseAll": false,
                "extraContext": false,
                "sortOrder": "alphabetical",
                "showSearch": false,
                "searchQuery": "",
                "backlinkCollapsed": false,
                "unlinkedCollapsed": true
              },
              "icon": "links-coming-in",
              "title": "Backlinks for 🚩 Pixel-Banner"
            }
          },
          {
            "id": "fb39ba0ed2711dbe",
            "type": "leaf",
            "state": {
              "type": "outgoing-link",
              "state": {
                "file": "🚩 Pixel-Banner.md",
                "linksCollapsed": false,
                "unlinkedCollapsed": true
              },
              "icon": "links-going-out",
              "title": "Outgoing links from 🚩 Pixel-Banner"
            }
          },
          {
            "id": "5ecd879d9b582301",
            "type": "leaf",
            "state": {
              "type": "all-properties",
              "state": {
                "sortOrder": "frequency",
                "showSearch": false,
                "searchQuery": ""
              },
              "icon": "lucide-archive",
              "title": "All properties"
            }
          },
          {
            "id": "5816569af33731fa",
            "type": "leaf",
            "state": {
              "type": "empty",
              "state": {},
              "icon": "lucide-file",
              "title": "New tab"
            }
          },
          {
            "id": "2bfb5d0890bb08af",
            "type": "leaf",
            "state": {
              "type": "empty",
              "state": {},
              "icon": "lucide-file",
              "title": "New tab"
            }
          },
          {
            "id": "8d6e80b7c87ea6a3",
            "type": "leaf",
            "state": {
              "type": "empty",
              "state": {},
              "icon": "lucide-file",
              "title": "New tab"
            }
          },
          {
            "id": "c5670d45d9ba157c",
            "type": "leaf",
            "state": {
              "type": "empty",
              "state": {},
              "icon": "lucide-file",
              "title": "New tab"
            }
          },
          {
            "id": "d6ee91d95a814b0b",
            "type": "leaf",
            "state": {
              "type": "empty",
              "state": {},
              "icon": "lucide-file",
              "title": "New tab"
            }
          },
          {
            "id": "1578683dce0bf89c",
            "type": "leaf",
            "state": {
              "type": "empty",
              "state": {},
              "icon": "lucide-file",
              "title": "New tab"
            }
          },
          {
            "id": "4f7b93db72a523b2",
            "type": "leaf",
            "state": {
              "type": "empty",
              "state": {},
              "icon": "lucide-file",
              "title": "New tab"
            }
          },
          {
            "id": "38002d9ec840477a",
            "type": "leaf",
            "state": {
              "type": "empty",
              "state": {},
              "icon": "lucide-file",
              "title": "New tab"
            }
          },
          {
            "id": "31d5ae616c034774",
            "type": "leaf",
            "state": {
              "type": "empty",
              "state": {},
              "icon": "lucide-file",
              "title": "New tab"
            }
          },
          {
            "id": "7dba386f90e5cb38",
            "type": "leaf",
            "state": {
              "type": "empty",
              "state": {},
              "icon": "lucide-file",
              "title": "New tab"
            }
          },
          {
            "id": "9c65c6256bcd3a3c",
            "type": "leaf",
            "state": {
              "type": "empty",
              "state": {},
              "icon": "lucide-file",
              "title": "New tab"
            }
          },
          {
            "id": "db477141630b5e39",
            "type": "leaf",
            "state": {
              "type": "empty",
              "state": {},
              "icon": "lucide-file",
              "title": "New tab"
            }
          },
          {
            "id": "47bbfad7ac544d2a",
            "type": "leaf",
            "state": {
              "type": "empty",
              "state": {},
              "icon": "lucide-file",
              "title": "New tab"
            }
          },
          {
            "id": "e794d1438b34ec01",
            "type": "leaf",
            "state": {
              "type": "empty",
              "state": {},
              "icon": "lucide-file",
              "title": "New tab"
            }
          },
          {
            "id": "30546156480020a0",
            "type": "leaf",
            "state": {
              "type": "empty",
              "state": {},
              "icon": "lucide-file",
              "title": "New tab"
            }
          },
          {
            "id": "d8436592f78c47b4",
            "type": "leaf",
            "state": {
              "type": "empty",
              "state": {},
              "icon": "lucide-file",
              "title": "New tab"
            }
          },
          {
            "id": "c78888a7fca5b80d",
            "type": "leaf",
            "state": {
              "type": "empty",
              "state": {},
              "icon": "lucide-file",
              "title": "New tab"
            }
          },
          {
            "id": "45fccb5b9720b3e9",
            "type": "leaf",
            "state": {
              "type": "empty",
              "state": {},
              "icon": "lucide-file",
              "title": "New tab"
            }
          },
          {
            "id": "f84d164da5238509",
            "type": "leaf",
            "state": {
              "type": "empty",
              "state": {},
              "icon": "lucide-file",
              "title": "New tab"
            }
          },
          {
            "id": "d50a0f1223adf7ff",
            "type": "leaf",
            "state": {
              "type": "empty",
              "state": {},
              "icon": "lucide-file",
              "title": "New tab"
            }
          },
          {
            "id": "c35b0b1d5831d0a3",
            "type": "leaf",
            "state": {
              "type": "empty",
              "state": {},
              "icon": "lucide-file",
              "title": "New tab"
            }
          },
          {
            "id": "7cba5a03db63599f",
            "type": "leaf",
            "state": {
              "type": "empty",
              "state": {},
              "icon": "lucide-file",
              "title": "New tab"
            }
          },
          {
            "id": "20ab7557c4e61530",
            "type": "leaf",
            "state": {
              "type": "empty",
              "state": {},
              "icon": "lucide-file",
              "title": "New tab"
            }
          },
          {
            "id": "ecff0ac23e0671f0",
            "type": "leaf",
            "state": {
              "type": "empty",
              "state": {},
              "icon": "lucide-file",
              "title": "New tab"
            }
          },
          {
            "id": "19310eaa0dca490b",
            "type": "leaf",
            "state": {
              "type": "empty",
              "state": {},
              "icon": "lucide-file",
              "title": "New tab"
            }
          },
          {
            "id": "fe54a3631c2b9073",
            "type": "leaf",
            "state": {
              "type": "empty",
              "state": {},
              "icon": "lucide-file",
              "title": "New tab"
            }
          },
          {
            "id": "147bd67087105c54",
            "type": "leaf",
            "state": {
              "type": "empty",
              "state": {},
              "icon": "lucide-file",
              "title": "New tab"
            }
          },
          {
            "id": "42abf5a1aa15dce9",
            "type": "leaf",
            "state": {
              "type": "empty",
              "state": {},
              "icon": "lucide-file",
              "title": "New tab"
            }
          },
          {
            "id": "5e217cb76705fdf2",
            "type": "leaf",
            "state": {
              "type": "empty",
              "state": {},
              "icon": "lucide-file",
              "title": "New tab"
            }
          },
          {
            "id": "30b58f69b9b41378",
            "type": "leaf",
            "state": {
              "type": "empty",
              "state": {},
              "icon": "lucide-file",
              "title": "New tab"
            }
          },
          {
            "id": "5e4008619dc29c7f",
            "type": "leaf",
            "state": {
              "type": "empty",
              "state": {},
              "icon": "lucide-file",
              "title": "New tab"
            }
          },
          {
            "id": "0fcb949108381098",
            "type": "leaf",
            "state": {
              "type": "empty",
              "state": {},
              "icon": "lucide-file",
              "title": "New tab"
            }
          },
          {
            "id": "751959f1890bd3bf",
            "type": "leaf",
            "state": {
              "type": "empty",
              "state": {},
              "icon": "lucide-file",
              "title": "New tab"
            }
          },
          {
            "id": "cac90a82b5cf0075",
            "type": "leaf",
            "state": {
              "type": "empty",
              "state": {},
              "icon": "lucide-file",
              "title": "New tab"
            }
          },
          {
            "id": "d0ff4dc68879f306",
            "type": "leaf",
            "state": {
              "type": "empty",
              "state": {},
              "icon": "lucide-file",
              "title": "New tab"
            }
          },
          {
            "id": "f45e535ea3e771f8",
            "type": "leaf",
            "state": {
              "type": "empty",
              "state": {},
              "icon": "lucide-file",
              "title": "New tab"
            }
          },
          {
            "id": "7db0a4c5e66380da",
            "type": "leaf",
            "state": {
              "type": "empty",
              "state": {},
              "icon": "lucide-file",
              "title": "New tab"
            }
          },
          {
            "id": "c5b9c1fc161622e8",
            "type": "leaf",
            "state": {
              "type": "empty",
              "state": {},
              "icon": "lucide-file",
              "title": "New tab"
            }
          },
          {
            "id": "ccb92bc07a7367c2",
            "type": "leaf",
            "state": {
              "type": "empty",
              "state": {},
              "icon": "lucide-file",
              "title": "New tab"
            }
          },
          {
            "id": "ed45272d2bf65d8c",
            "type": "leaf",
            "state": {
              "type": "empty",
              "state": {},
              "icon": "lucide-file",
              "title": "New tab"
            }
          },
          {
            "id": "15934543164e262b",
            "type": "leaf",
            "state": {
              "type": "empty",
              "state": {},
              "icon": "lucide-file",
              "title": "New tab"
            }
          },
          {
            "id": "74f216eabeb247e7",
            "type": "leaf",
            "state": {
              "type": "empty",
              "state": {},
              "icon": "lucide-file",
              "title": "New tab"
            }
          },
          {
            "id": "96d7be3e0c4f9081",
            "type": "leaf",
            "state": {
              "type": "empty",
              "state": {},
              "icon": "lucide-file",
              "title": "New tab"
            }
          },
          {
            "id": "6ff92dbcd64c58a8",
            "type": "leaf",
            "state": {
              "type": "Saved Queries View",
              "state": {},
              "icon": "feather-mouse-pointer",
              "title": "Saved Queries"
            }
          }
        ],
        "currentTab": 49
      }
    ],
    "direction": "horizontal",
    "width": 534.5,
    "collapsed": true
  },
  "left-ribbon": {
    "hiddenItems": {
      "switcher:Open quick switcher": true,
      "templates:Insert template": true,
      "obsidian-custom-frames:Open 📄 release notes": false,
      "cmdr:Reload app without saving": false,
      "cmdr:Open Plugin Settings: Pixel Banner": false,
      "cmdr:Open Plugin Settings: Rich Foot": false,
      "command-palette:Open command palette": false
    }
  },
  "active": "b5a48f7bd795d56a",
  "lastOpenFiles": [
    "releases/v2.13.0 - 🖼️ View my Banner.md",
    "releases/v2.11.0 - 📌 Pin my URL Please.md",
    "releases/v2.12.0 - 🔀 Random Image Shuffle.md",
    "releases/v2.10.0 - 🖌️ Title Color.md",
    "🚩 Pixel-Banner.md",
    "tests/🧪 test - 1 - internal link.md",
    "pixel-banner-images/artwork.png",
    "pixel-banner-images/🖌️ Title Color.png",
    "pixel-banner-images/dog.png",
    "pixel-banner-images/pin-clouds.png",
    "pixel-banner-images/shuffle.png",
    "pixel-banner-images/blue.png",
    "test.md",
    "tests/🧪 test - 2 - internal link - quoted.md",
    "tests/🧪 test - 3 - direct url link.md",
    "tests/🧪 test - 4 - all fields.md",
    "tests/🧪 test - 5 - absolute position.md",
    "tests/🧪 test - 6 - image float right.md",
    "tests/🧪 test - 7- shuffle time!.md",
    "tests/🧪 test - 8 - embed tests.md",
    "Random Shuffle/Disney Lorcana.md",
    "notes/📜 Embedded Note with Banner.md",
    "notes/📃 Embedded Note.md",
    "images/releases/v2.10.0.jpg",
    "shuffle-images/bell-hidden-archer.jpg",
    "tests/🧪 test - 7 - embed tests.md",
    "shuffle-images/daisy-duck-secret-agent.jpg",
    "Random Shuffle",
    "notes/subfolder/Embedded Note in Subfolder.md",
    "shuffle-images/captain-hook-thinking-a-happy-thought.jpg",
    "shuffle-images",
    "dog.md",
    "Untitled 1.md",
    "docker.md",
    "junk.md",
    "notes/Untitled.md",
    "new.md",
    "releases",
    "images/releases",
    "images/New folder",
    "= attachments",
    "misc tests",
    "pixel-banner-images",
    "pixel-banners",
    "tests"
  ]
}