{
  "main": {
    "id": "933d6af10ac98474",
    "type": "split",
    "children": [
      {
        "id": "38f3384b35a04bcb",
        "type": "tabs",
        "children": [
          {
            "id": "045aa1d4ff1ae7ac",
            "type": "leaf",
            "state": {
              "type": "markdown",
              "state": {
                "file": "🚩 Pixel-Banner.md",
                "mode": "preview",
                "source": true
              },
              "icon": "lucide-file",
              "title": "🚩 Pixel-Banner"
            }
          }
        ]
      }
    ],
    "direction": "vertical"
  },
  "left": {
    "id": "d02577f86e82d204",
    "type": "split",
    "children": [
      {
        "id": "8b7043bbb2261175",
        "type": "tabs",
        "children": [
          {
            "id": "342e5185840138ef",
            "type": "leaf",
            "state": {
              "type": "file-explorer",
              "state": {
                "sortOrder": "alphabetical"
              },
              "icon": "lucide-folder-closed",
              "title": "Files"
            }
          },
          {
            "id": "d91fd6b367a360fc",
            "type": "leaf",
            "state": {
              "type": "search",
              "state": {
                "query": "",
                "matchingCase": false,
                "explainSearch": false,
                "collapseAll": false,
                "extraContext": false,
                "sortOrder": "alphabetical"
              },
              "icon": "lucide-search",
              "title": "Search"
            }
          },
          {
            "id": "1e8a1f4b728d2339",
            "type": "leaf",
            "state": {
              "type": "bookmarks",
              "state": {},
              "icon": "lucide-bookmark",
              "title": "Bookmarks"
            }
          }
        ]
      }
    ],
    "direction": "horizontal",
    "width": 300
  },
  "right": {
    "id": "b099b6b5c1c79396",
    "type": "split",
    "children": [
      {
        "id": "0869d7b720196732",
        "type": "tabs",
        "children": [
          {
            "id": "0fdb0b6e455a6855",
            "type": "leaf",
            "state": {
              "type": "backlink",
              "state": {
                "file": "🚩 Pexels-Banner.md",
                "collapseAll": false,
                "extraContext": false,
                "sortOrder": "alphabetical",
                "showSearch": false,
                "searchQuery": "",
                "backlinkCollapsed": false,
                "unlinkedCollapsed": true
              },
              "icon": "links-coming-in",
              "title": "Backlinks for 🚩 Pexels-Banner"
            }
          },
          {
            "id": "2232668ccffdef68",
            "type": "leaf",
            "state": {
              "type": "outgoing-link",
              "state": {
                "file": "🚩 Pexels-Banner.md",
                "linksCollapsed": false,
                "unlinkedCollapsed": true
              },
              "icon": "links-going-out",
              "title": "Outgoing links from 🚩 Pexels-Banner"
            }
          },
          {
            "id": "282c3e6a3a8d3ae5",
            "type": "leaf",
            "state": {
              "type": "tag",
              "state": {
                "sortOrder": "frequency",
                "useHierarchy": true
              },
              "icon": "lucide-tags",
              "title": "Tags"
            }
          },
          {
            "id": "4be35a81ddc47423",
            "type": "leaf",
            "state": {
              "type": "outline",
              "state": {
                "file": "🚩 Pexels-Banner.md"
              },
              "icon": "lucide-list",
              "title": "Outline of 🚩 Pexels-Banner"
            }
          }
        ]
      }
    ],
    "direction": "horizontal",
    "width": 300,
    "collapsed": true
  },
  "left-ribbon": {
    "hiddenItems": {
      "cmdr:Reload app without saving": false,
      "switcher:Open quick switcher": false,
      "graph:Open graph view": false,
      "canvas:Create new canvas": false,
      "daily-notes:Open today's daily note": false,
      "templates:Insert template": false,
      "command-palette:Open command palette": false
    }
  },
  "active": "045aa1d4ff1ae7ac",
  "lastOpenFiles": [
    "misc tests/Image with float-right.md",
    "misc tests",
    "🚩 Pixel-Banner.md",
    "tests/🧪 test - 1 - internal link.md",
    "test.md",
    "tests/🧪 test - 2 - internal link - quoted.md",
    "tests/🧪 test - 3 - direct url link.md",
    "tests/🧪 test - 4 - all fields.md",
    "tests/🧪 test - 5- embed tests.md",
    "notes/subfolder/Embedded Note in Subfolder.md",
    "images/llamas.jpg",
    "images/jp-cover4a.jpg",
    "notes/📃 Embedded Note.md",
    "notes/📜 Embedded Note with Banner.md",
    "test1.md",
    "tests/🧪 test - 6 - embed tests 2.md",
    "tests/🧪 test - 5 - embed tests.md",
    "pixel-banner-images/pixel-banner-image.png",
    "plain note.md",
    "frog.md",
    "pixel-banners/pixel-banner-image.png",
    "pixel-banners/pixel-banner-image-1.png",
    "pixel-banner-images/frog.png",
    "pixel-banner-images",
    "pixel-banners",
    "temp.md",
    "tests",
    "notes/subfolder",
    "images/forest.jpg",
    "images/jp-cover4.jpg",
    "images/jp-cover.jpg",
    "images/jp-cover3a.jpg",
    "bay.md",
    "🚩 Pexels-Banner.md",
    "Clippings/Official Obsidian web clipper now available!  rObsidianMD.md",
    "Clippings",
    "embeds/📃 Embedded Note without Banner.md",
    "notes",
    "1b.md",
    "1a.md",
    "3 no banner.md",
    "2 banner.md",
    "images"
  ]
}