{
  "main": {
    "id": "933d6af10ac98474",
    "type": "split",
    "children": [
      {
        "id": "27320851321b3ddc",
        "type": "tabs",
        "children": [
          {
            "id": "70492a4e8d3de293",
            "type": "leaf",
            "state": {
              "type": "markdown",
              "state": {
                "file": "releases/v2.12.0 - 🔀 Random Image Shuffle.md",
                "mode": "preview",
                "source": true
              },
              "icon": "lucide-file",
              "title": "v2.12.0 - 🔀 Random Image Shuffle"
            }
          },
          {
            "id": "0ff195b43537bf1f",
            "type": "leaf",
            "state": {
              "type": "custom-frames-📄-release-notes",
              "state": {},
              "icon": "lucide-notebook-pen",
              "title": "📄 release notes"
            }
          }
        ],
        "currentTab": 1
      }
    ],
    "direction": "vertical"
  },
  "left": {
    "id": "d02577f86e82d204",
    "type": "split",
    "children": [
      {
        "id": "8b7043bbb2261175",
        "type": "tabs",
        "children": [
          {
            "id": "342e5185840138ef",
            "type": "leaf",
            "state": {
              "type": "file-explorer",
              "state": {
                "sortOrder": "alphabetical"
              },
              "icon": "lucide-folder-closed",
              "title": "Files"
            }
          },
          {
            "id": "d91fd6b367a360fc",
            "type": "leaf",
            "state": {
              "type": "search",
              "state": {
                "query": "",
                "matchingCase": false,
                "explainSearch": false,
                "collapseAll": false,
                "extraContext": false,
                "sortOrder": "alphabetical"
              },
              "icon": "lucide-search",
              "title": "Search"
            }
          },
          {
            "id": "1e8a1f4b728d2339",
            "type": "leaf",
            "state": {
              "type": "bookmarks",
              "state": {},
              "icon": "lucide-bookmark",
              "title": "Bookmarks"
            }
          }
        ]
      }
    ],
    "direction": "horizontal",
    "width": 300
  },
  "right": {
    "id": "b099b6b5c1c79396",
    "type": "split",
    "children": [
      {
        "id": "0869d7b720196732",
        "type": "tabs",
        "children": [
          {
            "id": "4be35a81ddc47423",
            "type": "leaf",
            "state": {
              "type": "outline",
              "state": {
                "file": "🚩 Pixel-Banner.md"
              },
              "icon": "lucide-list",
              "title": "Outline of 🚩 Pixel-Banner"
            }
          },
          {
            "id": "cac855cabb82aa42",
            "type": "leaf",
            "state": {
              "type": "file-properties",
              "state": {
                "file": "🚩 Pixel-Banner.md"
              },
              "icon": "lucide-info",
              "title": "File properties for 🚩 Pixel-Banner"
            }
          },
          {
            "id": "ca4716b07c6a8ef6",
            "type": "leaf",
            "state": {
              "type": "tag",
              "state": {
                "sortOrder": "frequency",
                "useHierarchy": true
              },
              "icon": "lucide-tags",
              "title": "Tags"
            }
          },
          {
            "id": "81da66f91caea69e",
            "type": "leaf",
            "state": {
              "type": "backlink",
              "state": {
                "file": "releases/v2.12.0 - 🔀 Random Image Shuffle.md",
                "collapseAll": false,
                "extraContext": false,
                "sortOrder": "alphabetical",
                "showSearch": false,
                "searchQuery": "",
                "backlinkCollapsed": false,
                "unlinkedCollapsed": true
              },
              "icon": "links-coming-in",
              "title": "Backlinks for v2.12.0 - 🔀 Random Image Shuffle"
            }
          },
          {
            "id": "3920a33f5e76fd92",
            "type": "leaf",
            "state": {
              "type": "outgoing-link",
              "state": {
                "file": "releases/v2.12.0 - 🔀 Random Image Shuffle.md",
                "linksCollapsed": false,
                "unlinkedCollapsed": true
              },
              "icon": "links-going-out",
              "title": "Outgoing links from v2.12.0 - 🔀 Random Image Shuffle"
            }
          },
          {
            "id": "82960e666f7a9294",
            "type": "leaf",
            "state": {
              "type": "all-properties",
              "state": {
                "sortOrder": "frequency",
                "showSearch": false,
                "searchQuery": ""
              },
              "icon": "lucide-archive",
              "title": "All properties"
            }
          },
          {
            "id": "438886d412e23d8d",
            "type": "leaf",
            "state": {
              "type": "empty",
              "state": {},
              "icon": "lucide-file",
              "title": "New tab"
            }
          },
          {
            "id": "375232833dcc3255",
            "type": "leaf",
            "state": {
              "type": "Saved Queries View",
              "state": {},
              "icon": "feather-mouse-pointer",
              "title": "Saved Queries"
            }
          }
        ],
        "currentTab": 7
      }
    ],
    "direction": "horizontal",
    "width": 534.5,
    "collapsed": true
  },
  "left-ribbon": {
    "hiddenItems": {
      "switcher:Open quick switcher": true,
      "templates:Insert template": true,
      "obsidian-custom-frames:Open 📄 release notes": false,
      "cmdr:Reload app without saving": false,
      "cmdr:Open Plugin Settings: Pixel Banner": false,
      "cmdr:Open Plugin Settings: Rich Foot": false,
      "command-palette:Open command palette": false
    }
  },
  "active": "0ff195b43537bf1f",
  "lastOpenFiles": [
    "releases/v2.12.0 - 🔀 Random Image Shuffle.md",
    "pixel-banner-images/shuffle.png",
    "releases/v2.11.0 - 📌 Pin my URL Please.md",
    "🚩 Pixel-Banner.md",
    "Random Shuffle/Disney Lorcana.md",
    "tests/🧪 test - 7- shuffle time!.md",
    "tests/🧪 test - 5 - absolute position.md",
    "tests/🧪 test - 6 - image float right.md",
    "tests/🧪 test - 8 - embed tests.md",
    "notes/📜 Embedded Note with Banner.md",
    "releases/v2.10.0 - 🖌️ Title Color.md",
    "tests/🧪 test - 2 - internal link - quoted.md",
    "tests/🧪 test - 1 - internal link.md",
    "tests/🧪 test - 3 - direct url link.md",
    "tests/🧪 test - 4 - all fields.md",
    "notes/📃 Embedded Note.md",
    "shuffle-images/daisy-duck-secret-agent.jpg",
    "pixel-banner-images/dog.png",
    "Random Shuffle",
    "notes/subfolder/Embedded Note in Subfolder.md",
    "shuffle-images/captain-hook-thinking-a-happy-thought.jpg",
    "shuffle-images/snow-white-unexpected-house-guest.jpg",
    "shuffle-images/rapunzel-sunshine.jpg",
    "shuffle-images/pooh-im-stuck.jpg",
    "shuffle-images/pooh-hunny-wizard-zoomed-in.jpg",
    "shuffle-images/pooh-hunny-wizard.jpg",
    "shuffle-images/piglet-pooh-pirate-captain.jpg",
    "shuffle-images",
    "dog.md",
    "Untitled 1.md",
    "docker.md",
    "junk.md",
    "test.md",
    "notes/Untitled.md",
    "new.md",
    "releases",
    "images/releases",
    "images/New folder",
    "Test Note.md",
    "= attachments",
    "🚩 Pixel Banner - v2.9.0 - 🥷 Ninja Fields.md",
    "misc tests",
    "pixel-banner-images",
    "pixel-banners",
    "tests"
  ]
}